{
    "StrideLength_Output": {
        "TimeMeasure1": {
            "Test4": {
                "Trial1": {
                    "SU": {
                        "LowerBack": {
                            "StrideLength": {
                                "stride_length_per_sec": [
                                    1.103404199293872,
                                    1.0968017728789576,
                                    1.1138778491292478,
                                    1.1068488299197146,
                                    1.1018677784531552,
                                    1.0992049493960125,
                                    1.1018677784531552,
                                    1.069716709705479,
                                    1.0750369254023149,
                                    1.069716709705479
                                ]
                            }
                        }
                    }
                },
                "Trial2": {
                    "SU": {
                        "LowerBack": {
                            "StrideLength": {
                                "stride_length_per_sec": [
                                    1.1545765923997682,
                                    1.1545765923997682,
                                    1.1669451262348334,
                                    1.1929529524075944,
                                    1.1971214617584045,
                                    1.1956991183559493,
                                    1.169000807954494,
                                    1.1583849444534797,
                                    1.1583849444534797
                                ]
                            }
                        }
                    }
                },
                "Trial3": {
                    "SU": {
                        "LowerBack": {
                            "StrideLength": {
                                "stride_length_per_sec": [
                                    1.0298383997153044,
                                    1.0649361583095698,
                                    1.134971883507894,
                                    1.130950732201228,
                                    1.1240800123880306,
                                    1.064808743661786,
                                    1.0078906594002102,
                                    0.8594835948500787,
                                    0.9070290249758864,
                                    0.915740925424324,
                                    0.8693045074605522
                                ]
                            }
                        }
                    }
                }
            },
            "Test5": {
                "Trial1": {
                    "SU": {
                        "LowerBack": {
                            "StrideLength": {
                                "stride_length_per_sec": [
                                    1.3899590680254978,
                                    1.390376560734064,
                                    1.417019556469945,
                                    1.4048583979175948,
                                    1.4529166193904604,
                                    1.4251548962935126,
                                    1.3820285523609952
                                ]
                            }
                        }
                    }
                },
                "Trial2": {
                    "SU": {
                        "LowerBack": {
                            "StrideLength": {
                                "stride_length_per_sec": [
                                    1.4524795133853143,
                                    1.2907073299746799,
                                    1.3778561859658673,
                                    1.3884127892572589,
                                    1.3874918294162508,
                                    1.3688200612261072,
                                    1.3122647411404484
                                ]
                            }
                        }
                    }
                },
                "Trial3": {
                    "SU": {
                        "LowerBack": {
                            "StrideLength": {
                                "stride_length_per_sec": [
                                    1.297487918795382,
                                    1.297487918795382,
                                    1.3064570254838679,
                                    1.3467441267641536,
                                    1.3303648683061828,
                                    1.311978827512497,
                                    1.3311578969575821,
                                    1.311978827512497
                                ]
                            }
                        }
                    }
                }
            },
            "Test6": {
                "Trial1": {
                    "SU": {
                        "LowerBack": {
                            "StrideLength": {
                                "stride_length_per_sec": [
                                    1.53238744295083,
                                    1.53238744295083,
                                    1.5279604353130969,
                                    1.5079124358228686,
                                    1.4596534555644038,
                                    1.45317080883391
                                ]
                            }
                        }
                    }
                },
                "Trial2": {
                    "SU": {
                        "LowerBack": {
                            "StrideLength": {
                                "stride_length_per_sec": [
                                    1.534962265091711,
                                    1.5055825176930149,
                                    1.3921586317152213,
                                    1.4340417763478626,
                                    1.4309676819351083,
                                    1.4340417763478626
                                ]
                            }
                        }
                    }
                },
                "Trial3": {
                    "SU": {
                        "LowerBack": {
                            "StrideLength": {
                                "stride_length_per_sec": [
                                    1.4466261036492867,
                                    1.3980047079865197,
                                    1.4466261036492867,
                                    1.3691176008903878,
                                    1.4374219735378024,
                                    1.2935271458774
                                ]
                            }
                        }
                    }
                }
            },